product_category_name,product_id,product_name_length,product_description_length,product_photos_qty,product_weight_g,product_length_cm,product_height_cm,product_width_cm,product_category_name_english,product_type
perfumaria,00066f42aeeb9f3007548bb9d3f33c38,53,596,6,300,20,16,16,perfumery,Non_Tech
automotivo,00088930e925c41fd95ebfe695fd2655,56,752,4,1225,55,10,26,auto,Non_Tech
cama_mesa_banho,0009406fd7479715e4bef61dd91f2462,50,266,2,300,45,15,35,bed_bath_table,Non_Tech
utilidades_domesticas,000b8f95fcb9e0096488278317764d19,25,364,3,550,19,24,12,housewares,Non_Tech
relogios_presentes,000d9be29b5207b54e86aa1b1ac54872,48,613,4,250,22,11,15,watches_gifts,Non_Tech
automotivo,0011c512eb256aa0dbbb544d8dffcf6e,58,177,1,100,16,15,16,auto,Non_Tech
cool_stuff,00126f27c813603687e6ce486d909d01,42,2461,1,700,25,5,15,cool_stuff,Non_Tech
consoles_games,001795ec6f1b187d37335e1c4704762e,53,274,1,600,30,20,20,consoles_games,Tech
cama_mesa_banho,001b237c0e9bb435f2e54071129237e9,42,253,1,6000,40,4,30,bed_bath_table,Non_Tech
moveis_decoracao,001b72dfd63e9833e8c02742adf472e3,45,520,3,600,26,8,22,furniture_decor,Non_Tech
cama_mesa_banho,001c5d71ac6ad696d22315953758fa04,50,381,1,1800,47,21,41,bed_bath_table,Non_Tech
beleza_saude,00210e41887c2a8ef9f791ebc780cc36,56,3893,6,300,30,15,15,health_beauty,Non_Tech
fashion_calcados,002159fe700ed3521f46cfcf6e941c76,55,344,3,1850,36,37,16,fashion_shoes,Non_Tech
informatica_acessorios,0021a87d4997a48b6cef1665602be0f5,58,946,6,650,25,10,15,computers_accessories,Non_Tech
utilidades_domesticas,00250175f79f584c14ab5cecd80553cd,53,631,2,750,30,5,35,housewares,Non_Tech
cool_stuff,002552c0663708129c0019cc97552d7d,18,263,1,355,22,16,12,cool_stuff,Non_Tech
moveis_decoracao,002959d7a0b0990fe2d69988affcbc80,54,1750,3,2600,105,3,70,furniture_decor,Non_Tech
cool_stuff,002af88741ba70c7b5cf4e4a0ad7ef85,44,629,3,600,40,30,40,cool_stuff,Non_Tech
brinquedos,002c6dab60557c48cfd6c2222ef7fd76,43,112,5,350,45,30,30,toys,Non_Tech
pet_shop,002d4ea7c04739c130bb74d7e7cd1694,59,1295,1,200,20,11,11,pet_shop,Non_Tech
utilidades_domesticas,002ec297b1b00fb9dde7ee6ac24b6771,36,707,3,150,20,10,15,housewares,Non_Tech
esporte_lazer,0030026a6ddb3b2d1d4bc225b4b4c4da,28,502,4,800,25,25,25,sports_leisure,Non_Tech
ferramentas_jardim,0030e635639c898b323826589761cf23,40,437,1,1550,26,6,20,garden_tools,Non_Tech
esporte_lazer,003128f981470c3e5a2e7445e4a771cd,59,1100,6,1550,16,10,16,sports_leisure,Non_Tech
ferramentas_jardim,0036bb031e69d915cd384d1b3838b5d3,53,866,3,200,18,5,13,garden_tools,Non_Tech
moveis_sala,003938452c98ff9ab28e9e7b4bfe97ab,52,420,2,5050,50,8,50,furniture_living_room,Non_Tech
malas_acessorios,003962cb74a8b43cf1034fed541a76f0,55,214,1,1000,16,46,36,luggage_accessories,Non_Tech
casa_construcao,003a31970fea14fffe92ac856b8a9b97,55,900,4,1850,45,12,45,home_construction,Non_Tech
moveis_cozinha_area_de_servico_jantar_e_jardim,003c0b8f6580c850bd2e32044d2ac307,55,705,2,21100,100,20,60,kitchen_dining_laundry_garden_furniture,Non_Tech
esporte_lazer,003dbcabcf8e3231de657c7d9f9a5eba,43,1213,1,1800,30,22,22,sports_leisure,Non_Tech
moveis_decoracao,004154251837f6ac124ad4374b3a8148,51,1470,3,150,35,2,25,furniture_decor,Non_Tech
beleza_saude,0042f1a9a7e0edd1400c6cd0fda065f8,60,1883,3,175,23,11,13,health_beauty,Non_Tech
esporte_lazer,0043c62d00db47eff6a6bc4cf6bfaeda,36,1105,1,380,18,12,14,sports_leisure,Non_Tech
construcao_ferramentas_construcao,0043d1a25ef08fb6f41b8fa6f91742ab,59,1691,1,20400,30,30,30,construction_tools_construction,Non_Tech
esporte_lazer,0044d70d4e53450c0fbb8255446a797b,51,695,1,200,20,18,18,sports_leisure,Non_Tech
moveis_decoracao,004552d98c5d3653af8b4dbe8def0048,50,319,1,900,100,11,12,furniture_decor,Non_Tech
utilidades_domesticas,004636c889c7c3dad6631f136b7fa082,46,647,1,550,30,10,25,housewares,Non_Tech
moveis_quarto,004ffcbfa5aac82212a95bc972ea8a85,44,776,2,10000,65,35,35,furniture_bedroom,Non_Tech
perfumaria,005030ef108f58b46b78116f754d8d38,54,942,1,50,16,5,11,perfumery,Non_Tech
fashion_roupa_masculina,005c6b24cc96dca3e2c01e824401030e,33,384,1,400,17,7,20,fashion_male_clothing,Non_Tech
esporte_lazer,0060b415594c5e1200324ef1a18493c4,59,3029,1,1200,20,20,20,sports_leisure,Non_Tech
moveis_decoracao,00636f9286f69c9f1bdabe76e670fb50,60,382,1,500,25,2,17,furniture_decor,Non_Tech
construcao_ferramentas_seguranca,006508eabcc19ae52ed87323124ad0e9,50,984,2,246,22,15,19,construction_tools_safety,Non_Tech
beleza_saude,006619bbed68b000c8ba3f8725d5409e,45,569,1,150,16,7,15,health_beauty,Non_Tech
fashion_bolsas_e_acessorios,0067f97995b0c3a86739734dc87ee6b6,59,412,1,200,16,2,11,fashion_bags_accessories,Non_Tech
esporte_lazer,006baa9a5b8f95895f15273a35bc2664,33,223,2,950,60,15,15,sports_leisure,Non_Tech
automotivo,006c67546bfe73c33b83f6bd1ad58c36,59,703,6,4550,47,19,23,auto,Non_Tech
fraldas_higiene,00716e5593e8eea55dbe7a29b72a70bc,49,326,1,250,20,20,20,diapers_and_hygiene,Non_Tech
brinquedos,00738f5a17ec4450e88915357b085c1e,37,670,2,600,17,15,22,toys,Non_Tech
esporte_lazer,0075c14603d80515e20908c156ceb47b,50,329,2,150,16,18,16,sports_leisure,Non_Tech
utilidades_domesticas,007c63ae4b346920756b5adcad8095de,48,808,1,2800,30,30,30,housewares,Non_Tech
construcao_ferramentas_seguranca,0081787b18cce4acc2d1adec4520d7ba,56,841,1,1340,32,14,27,construction_tools_safety,Non_Tech
outros,0082684bb4a60a862baaf7a60a5845ed,NULL,NULL,NULL,500,24,4,15,others,Non_Tech
cama_mesa_banho,0085dddda27567189f1dfd1eda7c286e,58,593,1,1800,40,8,30,bed_bath_table,Non_Tech
cama_mesa_banho,008686d56f4c85b987a4c24a286834c1,44,216,1,2200,37,10,32,bed_bath_table,Non_Tech
beleza_saude,00878d953636afec00d3e85d55a12e7f,59,1631,4,2550,38,42,25,health_beauty,Non_Tech
beleza_saude,008b0ec3de3638637099f97add750136,48,516,1,690,17,17,13,health_beauty,Non_Tech
relogios_presentes,008b51e6be49ee039854b5e35c331b02,57,676,2,633,19,12,17,watches_gifts,Non_Tech
esporte_lazer,008cff0e5792219fae03e570f980b330,59,1735,5,1550,40,20,20,sports_leisure,Non_Tech
cama_mesa_banho,00905d58c87afcbce21420b3712cacaa,59,253,1,3875,46,12,43,bed_bath_table,Non_Tech
informatica_acessorios,00917855135d67fb060dcd81863166a4,55,197,1,1133,16,16,11,computers_accessories,Non_Tech
utilidades_domesticas,0091d85023824de2d33252310c952307,39,169,4,450,16,24,11,housewares,Non_Tech
utilidades_domesticas,00929aaa7751a77220db9caa1ae6d3ab,56,279,2,2800,50,35,15,housewares,Non_Tech
beleza_saude,0092a9e1c8a471753ed7ffa7eef5086e,48,1411,1,350,16,16,16,health_beauty,Non_Tech
moveis_decoracao,00989337a1916a0055eedd1fdb35eb53,55,373,1,800,40,5,11,furniture_decor,Non_Tech
brinquedos,009af1277432f1a05742df69cdf72d1e,58,916,3,700,20,35,20,toys,Non_Tech
perfumaria,009c09f439988bc06a93d6b8186dce73,39,991,3,150,20,20,20,perfumery,Non_Tech
automotivo,009df2b0bc078648fc4f5898de8cabff,45,916,1,23250,50,20,20,auto,Non_Tech
informatica_acessorios,00a0db09dc7c94d512ec51900141ed69,57,338,3,400,23,7,15,computers_accessories,Non_Tech
informatica_acessorios,00a8c742ae1da97e9064205459977e6c,38,581,1,150,16,23,13,computers_accessories,Non_Tech
telefonia,00a985c524adbb97a4211e4ce17aabec,58,734,3,250,17,4,12,telephony,Tech
moveis_decoracao,00aa70fd749f3b9ce8ca4bc914a9e7b1,26,345,1,700,16,16,16,furniture_decor,Non_Tech
outros,00ab8a8b9fe219511dc3f178c6d79698,NULL,NULL,NULL,2100,50,30,30,others,Non_Tech
esporte_lazer,00ae7076313576f94d9107599d79a978,38,440,1,600,22,33,16,sports_leisure,Non_Tech
automotivo,00b264091d1c8df03976c3f3b176b35c,59,351,2,250,16,16,16,auto,Non_Tech
utilidades_domesticas,00b4155166f994ba9da3cf001eb80505,53,786,4,1125,28,15,23,housewares,Non_Tech
telefonia,00b782074a5ec523bf31951b4935d572,57,319,2,250,16,5,11,telephony,Tech
utilidades_domesticas,00ba6d766f0b1d7b78a5ce3e1e033263,52,418,1,7850,28,62,28,housewares,Non_Tech
perfumaria,00baba5b58e274d0332a0c8a0a66f877,27,406,4,200,18,7,12,perfumery,Non_Tech
automotivo,00bb62ea3729537a687c3fddcd123662,36,1241,3,12100,60,60,20,auto,Non_Tech
artigos_de_natal,00bc6e6d4ceb98ec7ed058b0a243a8b9,34,249,1,200,16,11,11,christmas_supplies,Non_Tech
cama_mesa_banho,00be617b58175bf207fd35910d5097a4,52,396,1,900,45,15,35,bed_bath_table,Non_Tech
cool_stuff,00c1e6d55fe174bfbb179257255e49bb,56,1027,1,187,17,13,14,cool_stuff,Non_Tech
perfumaria,00c3e35b00dd00ab864d4a94c1b97e66,58,596,4,512,30,12,18,perfumery,Non_Tech
papelaria,00c407e056c74eb8040a1233ca6da16f,56,183,2,650,35,15,28,stationery,Non_Tech
brinquedos,00c744ca2f3b0e76ce227b146095d3f9,41,569,1,350,17,15,17,toys,Non_Tech
telefonia_fixa,00c794371af4dc7c5b6ba3ef913556bb,63,326,4,150,16,4,13,fixed_telephony,Non_Tech
relogios_presentes,00cc15e0cef551848c797ab75ba904b1,47,596,1,300,19,10,15,watches_gifts,Non_Tech
livros_interesse_geral,00cf06147ed4880ec5fbba2adbb20e1d,30,253,1,350,24,5,17,books_general_interest,Non_Tech
casa_construcao,00d2add85b1f5aba6bb3d5d977314e25,60,935,1,9050,56,26,28,home_construction,Non_Tech
cama_mesa_banho,00d2fa6f2a87633084c8e0400d41a65a,41,312,1,18550,54,35,45,bed_bath_table,Non_Tech
consoles_games,00d363b8c14bb9a6c73febc4c42acf47,49,998,2,200,16,16,11,consoles_games,Tech
utilidades_domesticas,00d51a45854ebce28acda79f414388ee,52,857,1,225,16,4,14,housewares,Non_Tech
outros,00d62b338366db4c4aec8547ea8f928e,NULL,NULL,NULL,400,24,4,15,others,Non_Tech
moveis_decoracao,00d62d0388b0786d730a1aaed91c0ae0,53,646,1,300,16,30,20,furniture_decor,Non_Tech
moveis_decoracao,00d93a09990b319a7c946ed7a8c67656,54,197,8,3400,42,16,26,furniture_decor,Non_Tech
informatica_acessorios,00dc8a1b2de45a7fca5921544e5f351d,42,1202,6,1550,42,17,17,computers_accessories,Non_Tech
telefonia,00ddaddbe03b7103d80daee96892363f,59,600,1,200,19,4,11,telephony,Tech
automotivo,00de606a5dda99c2499f94ef18282977,59,642,5,1650,60,8,33,auto,Non_Tech
telefonia,00de7f393d962717eeeb2d7131a40dba,47,816,2,300,16,5,12,telephony,Tech
relogios_presentes,00df6fc5f33cc3f7ceec4ec6337d9cd7,51,314,3,500,20,15,17,watches_gifts,Non_Tech
telefonia,00e040fed5fb843e28740181ddca3521,58,477,3,400,17,4,12,telephony,Tech
moveis_decoracao,00e2784f846618842151d40ec730ece0,42,914,1,800,21,34,34,furniture_decor,Non_Tech
esporte_lazer,00e32638060f6356e6f00749dc466b5c,45,561,2,7050,20,105,20,sports_leisure,Non_Tech
moveis_decoracao,00e41fb1706dc56cc3bbdd2c1d6df362,55,314,1,500,40,15,40,furniture_decor,Non_Tech
moveis_decoracao,00e437f5e55fc5a62e4ef2f84f41b5fb,52,139,1,550,40,5,30,furniture_decor,Non_Tech
informatica_acessorios,00e4ded51458037ecda216453eb79d3c,25,978,3,1400,25,15,25,computers_accessories,Non_Tech
beleza_saude,00e62bcf9337ca4c5d5b4c5c8188f8d2,50,827,3,700,41,9,11,health_beauty,Non_Tech
esporte_lazer,00e928700d549c4173b1bf631ca30abf,51,294,2,300,20,3,15,sports_leisure,Non_Tech
esporte_lazer,00efb9a8ce0cf3b2f37892ab003edc10,49,753,4,2217,49,35,47,sports_leisure,Non_Tech
informatica_acessorios,00f179926ae5965cd6ff548d765d8a61,57,674,3,133,17,6,12,computers_accessories,Non_Tech
utilidades_domesticas,00f2fa1c4397392f20e5627e3220accd,54,691,3,7850,25,52,37,housewares,Non_Tech
moveis_decoracao,00f42e56821b1779fbf397fe72639054,34,655,1,750,50,10,50,furniture_decor,Non_Tech
eletronicos,00f8c37377b038c9c791128d2f928111,32,302,1,100,19,15,17,electronics,Tech
fashion_bolsas_e_acessorios,00faa46f36261af8bbf3a4d37fa4841b,49,293,1,100,21,9,14,fashion_bags_accessories,Non_Tech
telefonia,00fd6afd95fe066db8433832180a5369,46,1654,4,299,14,11,13,telephony,Tech
esporte_lazer,00fefaf41156bb4b0d850fb27da97897,12,3231,3,100,20,18,18,sports_leisure,Non_Tech
utilidades_domesticas,00ffe57f0110d73fd84d162252b2c784,56,1877,1,16000,16,2,11,housewares,Non_Tech
brinquedos,0103208eb1ea5a1a7359c0251a65e37a,53,2209,7,1600,35,17,35,toys,Non_Tech
outros,0103863bf3441460142ec23c74388e4c,NULL,NULL,NULL,200,16,2,11,others,Non_Tech
pc_gamer,0105b5323d24fc655f73052694dbbb3a,59,621,4,2839,19,16,18,pc_gamer,Non_Tech
brinquedos,01078a94cb29913dfda1a962fd4e3400,40,302,1,268,32,15,30,toys,Non_Tech
moveis_decoracao,01084e8138d03dc691daa19aa6c12471,60,926,4,1390,18,11,25,furniture_decor,Non_Tech
informatica_acessorios,010951987d78f9d52fbf50a43b690ba1,55,441,1,1100,40,20,20,computers_accessories,Non_Tech
telefonia,010a3a47c14f1295796c08419f32cef6,41,285,1,200,19,5,11,telephony,Tech
moveis_decoracao,010c38887e6a41a5acfea2687515b254,59,438,1,1400,30,5,20,furniture_decor,Non_Tech
brinquedos,010c79af51e82f60de174b6da6060c0a,60,678,1,192,20,16,12,toys,Non_Tech
papelaria,010c988805cc0a13b9ba455ffc6c8510,39,221,2,200,24,7,14,stationery,Non_Tech
informatica_acessorios,010f24a605e8431fc68562e597f80d63,20,153,3,500,16,15,15,computers_accessories,Non_Tech
moveis_decoracao,0110573bc9195aa810a4384f189f48f5,63,213,1,3900,63,11,43,furniture_decor,Non_Tech
automotivo,0110986ff84d644fee920efb18577292,56,660,5,2900,72,4,44,auto,Non_Tech
brinquedos,0111ab6fb41da433e0f17d3f4ec2c8f5,27,427,1,500,23,8,25,toys,Non_Tech
cool_stuff,0112c32bab2fb9a2147b92cdd5f1d3e7,53,442,4,800,33,15,30,cool_stuff,Non_Tech
bebes,011377a7487fef47fc9e73fa5f7322a6,52,559,1,1875,29,22,26,baby,Non_Tech
esporte_lazer,0116f3b947377cccf0135f8071b54d74,55,1381,4,1050,40,20,20,sports_leisure,Non_Tech
brinquedos,01175f0c6182b4410c669417d7e8268f,39,326,4,600,42,7,42,toys,Non_Tech
esporte_lazer,011967a30ceeaa86acb72e79664544ad,55,468,1,4100,17,105,12,sports_leisure,Non_Tech
brinquedos,011ae9863bd5b15e528a16dd8ceb4772,56,1784,6,1575,19,51,20,toys,Non_Tech
informatica_acessorios,011bb8a6af5178b33871a83c4f297d32,42,710,1,600,36,9,13,computers_accessories,Non_Tech
esporte_lazer,011be89e68e286ac07f51c22ecbb04aa,59,1301,6,450,25,15,28,sports_leisure,Non_Tech
utilidades_domesticas,011c2759ca1a29c74ecd8bfa48d0ac14,58,897,2,450,20,10,20,housewares,Non_Tech
perfumaria,01217a683550744160a91eaa46a92305,58,468,4,1300,25,20,16,perfumery,Non_Tech
utilidades_domesticas,0124d1581f26143e988b8e1a4b7adab7,40,119,1,250,16,22,16,housewares,Non_Tech
relogios_presentes,0127db1f4effcf8f5b88d80588bc5624,53,555,1,200,20,7,15,watches_gifts,Non_Tech
consoles_games,0129d1e9b29d3fe6833cc922374cd252,55,134,1,100,20,3,15,consoles_games,Tech
beleza_saude,012dd0e1c1f14325ee35f06748329355,58,1690,4,490,30,5,25,health_beauty,Non_Tech
utilidades_domesticas,0130c4375ccbe30dbfa676abd076a056,59,1687,3,1038,40,36,13,housewares,Non_Tech
perfumaria,013298e0648d412de0d65690045493bc,52,733,1,350,17,16,17,perfumery,Non_Tech
eletrodomesticos,0134eb6b933b7ebc0f9e24ae5abefaa0,58,290,1,1150,55,19,46,home_appliances,Non_Tech
pet_shop,0135900191d4383219257d6fde585ccf,44,348,1,14475,70,28,48,pet_shop,Non_Tech
relogios_presentes,01365901d8f2247976a7e5d4c98c52c0,60,567,6,250,16,2,20,watches_gifts,Non_Tech
moveis_decoracao,0138b665025e0b24bfa6206d97b0f117,49,930,2,1000,44,4,44,furniture_decor,Non_Tech
moveis_cozinha_area_de_servico_jantar_e_jardim,013b5dd7d319685753e2c12292975615,32,1243,2,10100,65,63,64,kitchen_dining_laundry_garden_furniture,Non_Tech
esporte_lazer,013c4b7963865454407e0c79047636c3,37,220,2,1075,38,10,25,sports_leisure,Non_Tech
esporte_lazer,013cc658e88b36989b48b2bd5f7add59,55,2871,1,1050,30,25,25,sports_leisure,Non_Tech
informatica_acessorios,013e6676e0e3529e5909ff54370daddf,47,619,1,1088,33,20,15,computers_accessories,Non_Tech
cama_mesa_banho,013ee64977aaa6b2b25475095162e0e9,40,519,2,1350,45,10,55,bed_bath_table,Non_Tech
utilidades_domesticas,013fef6ee8c8f3ff998e8f0a950a0495,37,149,1,150,35,16,16,housewares,Non_Tech
moveis_sala,0141015d2469c1c5f9d7d377d1cdb44a,54,529,2,17800,70,15,24,furniture_living_room,Non_Tech
relogios_presentes,0141f5b2fc5389a8b247ae23b58482ef,57,486,6,240,16,11,12,watches_gifts,Non_Tech
cool_stuff,01422266d7a3131403364787ef9dab11,34,177,1,450,40,4,30,cool_stuff,Non_Tech
fashion_calcados,0142fd5bd2e0923cf2dbc73d471dda34,57,404,4,1400,22,12,33,fashion_shoes,Non_Tech
bebes,014a8a503291921f7b004a5215bb3c36,37,497,4,150,16,7,11,baby,Non_Tech
relogios_presentes,014d94f219fbff1166b9cf700eee36b2,50,556,1,400,18,12,12,watches_gifts,Non_Tech
outros,014fcf6bd5cd4c7ee29fb3bb618c445e,NULL,NULL,NULL,7000,55,30,45,others,Non_Tech
esporte_lazer,01503fbd89d42654631476b292b8bc8c,60,2157,3,400,30,30,30,sports_leisure,Non_Tech
alimentos,0152cb427657428c06633fce6d721da4,57,606,3,150,22,4,17,food,Non_Tech
cama_mesa_banho,0152f69b6cf919bcdaf117aa8c43e5a2,40,116,1,250,40,4,30,bed_bath_table,Non_Tech
pet_shop,01545847403c0f1e69d76654d66be35c,60,661,4,450,38,4,38,pet_shop,Non_Tech
utilidades_domesticas,015527ec9502daa03dfd0e22ef1d1288,30,583,1,200,25,10,11,housewares,Non_Tech
telefonia_fixa,01586bfbe1d5449887f1cac4ad1fbd02,47,330,1,125,17,6,13,fixed_telephony,Non_Tech
cool_stuff,01593b27eef404f592e6a3f1174493bf,51,594,1,2000,50,40,30,cool_stuff,Non_Tech
utilidades_domesticas,015dfd6612249811b2e147c1f3be048f,33,912,4,300,17,28,11,housewares,Non_Tech
cama_mesa_banho,015e04445dedbd5da301ef29cbb03f83,52,183,2,550,70,10,40,bed_bath_table,Non_Tech
cama_mesa_banho,015e652da4f31f2f7a051a6de66094c0,53,124,3,700,22,13,16,bed_bath_table,Non_Tech
beleza_saude,015ec57b45a4c3efc70288eb133d623a,52,2668,1,750,28,4,18,health_beauty,Non_Tech
fashion_roupa_masculina,015f06d7b83e5a6f7d1765fb5d8bdfa6,42,574,2,400,16,2,11,fashion_male_clothing,Non_Tech
eletronicos,01604238fbc11ce379e537a76b26bc94,29,510,1,125,21,17,17,electronics,Tech
malas_acessorios,0160785b697a5ea87d52949bd097ce05,48,389,3,14000,26,66,46,luggage_accessories,Non_Tech
beleza_saude,0160814e8c847c018da9cf3e01c271be,52,1363,1,400,16,19,11,health_beauty,Non_Tech
cama_mesa_banho,0164201c7c8b81dc5779e015e2d7be59,52,662,1,600,32,5,30,bed_bath_table,Non_Tech
beleza_saude,016711f78a6a87696645db0a6a834826,14,1366,2,1150,27,22,39,health_beauty,Non_Tech
moveis_decoracao,0167ff78aa8cd40d5432d3daae646c7a,30,195,1,700,33,4,24,furniture_decor,Non_Tech
malas_acessorios,016809bbae76f284266dcffcbb12480b,38,789,3,600,50,5,40,luggage_accessories,Non_Tech
automotivo,0168e1b28d8e55a515928cf656eff0a4,50,340,1,950,22,19,19,auto,Non_Tech
esporte_lazer,016becd5c493d3b3872aaa7294accf52,38,1662,1,1071,17,21,15,sports_leisure,Non_Tech
esporte_lazer,016cae136d358dcdacbd7ac9f1864c09,53,236,2,300,30,5,20,sports_leisure,Non_Tech
automotivo,016f3b29107ed03252e477b08445cec4,56,871,2,3500,25,5,25,auto,Non_Tech
esporte_lazer,017066298c485af1e19e55363f5dc362,41,546,1,100,19,4,11,sports_leisure,Non_Tech
outros,017457b0013d01d5a5a4a020ed1f14b9,NULL,NULL,NULL,2200,28,20,14,others,Non_Tech
eletrodomesticos,0174eb125f49a617bd9c6277e5aa76a9,52,394,1,250,27,13,17,home_appliances,Non_Tech
eletrodomesticos,0176300ac9900e260f35fbddd71c6d92,59,161,1,200,27,12,17,home_appliances,Non_Tech
perfumaria,017692475c1c954ff597feda05131d73,54,933,1,50,16,5,11,perfumery,Non_Tech
cool_stuff,0176bf7839ab4e611dc01cdc3ef6f4e4,49,330,1,1600,33,44,19,cool_stuff,Non_Tech
relogios_presentes,017e3ffa31fcd2f8061fa66a9e486381,53,553,2,700,19,9,15,watches_gifts,Non_Tech
automotivo,017e8dcb2e1a468d46e6e80fd694c5ec,59,570,5,1150,55,12,35,auto,Non_Tech
cool_stuff,0182796b487918d688ba48cf3a0d1bf4,55,330,1,2300,33,44,19,cool_stuff,Non_Tech
bebes,0182db9fc95fd36e324e8a4c40c0819a,54,975,2,2400,35,10,30,baby,Non_Tech
ferramentas_jardim,01847cb3f55acfd629641e58e38e561e,54,1231,6,800,17,10,12,garden_tools,Non_Tech
cama_mesa_banho,01849445c151d94a1f0cfff03c9ed154,60,146,2,1200,34,6,41,bed_bath_table,Non_Tech
cama_mesa_banho,0185e6719ca5c224fc53853997fa3f68,64,319,1,1600,40,15,35,bed_bath_table,Non_Tech
automotivo,0185f302dc17abf603edfe7929a0120a,59,651,5,10600,78,4,47,auto,Non_Tech
automotivo,01880e9ca075037ac0520fb94c07a79a,42,756,5,550,17,5,12,auto,Non_Tech
cama_mesa_banho,01886ce599b5837b3e1966cdafacd080,44,701,2,1000,50,12,12,bed_bath_table,Non_Tech
agro_industria_e_comercio,018ca97302e4293050cc41413194bb19,45,266,1,2467,28,26,24,agro_industry_and_commerce,Non_Tech
utilidades_domesticas,018e4943e4cc9ed099f6fc1a7b65b07d,37,465,2,300,19,12,12,housewares,Non_Tech
livros_importados,019003324f0a201dd2c8962beaf94b6d,56,440,1,250,33,2,23,books_imported,Non_Tech
fashion_calcados,0192191cc1bc83262d6667c54c2e048f,54,404,4,850,22,12,33,fashion_shoes,Non_Tech
bebes,0193fc18d9a6e9b9b0b3a41768fefa12,59,381,6,500,39,6,27,baby,Non_Tech
consoles_games,01948c8dbac93beb665f136bccd530d8,25,1564,1,550,20,30,20,consoles_games,Tech
moveis_decoracao,0198a991deae439205851e71a7b0bdf7,63,157,3,12600,74,8,74,furniture_decor,Non_Tech
cama_mesa_banho,019d8b8866a5555ac955b45ffd35e039,51,425,1,1400,28,9,25,bed_bath_table,Non_Tech
cama_mesa_banho,01a0f7d0d081d619be810e512be45f97,50,138,1,4517,57,17,35,bed_bath_table,Non_Tech
utilidades_domesticas,01a184b7d8422cd95e9cf2a8cff32b5e,60,276,1,1287,32,25,35,housewares,Non_Tech
perfumaria,01a2ad2b54cd734f78cb817da7752d8b,44,280,1,430,19,14,12,perfumery,Non_Tech
cama_mesa_banho,01a5038835acf17f141c7247956b72d6,54,235,1,1350,34,7,32,bed_bath_table,Non_Tech
beleza_saude,01a52711e989a817ab8100ddcf8d2940,46,2771,5,1500,16,35,11,health_beauty,Non_Tech
moveis_decoracao,01a630ec9b9f9387e5a91c1f83bd209b,46,381,2,300,27,13,16,furniture_decor,Non_Tech
automotivo,01a88bd2633c52bcc66348307cb3ae15,44,907,1,11800,61,61,19,auto,Non_Tech
esporte_lazer,01a900ffd5609ad754c38f9dcbce8c6d,43,742,3,700,28,25,25,sports_leisure,Non_Tech
utilidades_domesticas,01a9707790aab6855a6438b92c4c396b,55,244,1,400,16,16,15,housewares,Non_Tech
brinquedos,01a977e282d5884149e79181506c0941,33,168,1,900,23,25,11,toys,Non_Tech
moveis_decoracao,01aa9c122bda45bcbf7edd32fbc36d23,40,275,5,14700,100,55,16,furniture_decor,Non_Tech
informatica_acessorios,01aace6e8152ecaf9eb47678521069c6,60,399,3,475,19,5,15,computers_accessories,Non_Tech
esporte_lazer,01af6a4592d74b6d41ceeede0bd8b417,51,1132,8,6600,105,15,25,sports_leisure,Non_Tech
beleza_saude,01b0238705b6ae8e35c6fea837e6ae4a,57,460,1,900,20,4,11,health_beauty,Non_Tech
papelaria,01b154ceb5457897eb28b9e549f28219,54,447,1,400,25,10,17,stationery,Non_Tech
utilidades_domesticas,01b25153516d822621a92f9ce0b03e17,50,215,3,650,18,20,17,housewares,Non_Tech
utilidades_domesticas,01b660ebc1a0c293ccf9b117fa6dd8bb,26,1175,3,350,60,10,15,housewares,Non_Tech
esporte_lazer,01b8234bc0c131e61acb47932d0bc25f,37,161,3,200,20,15,20,sports_leisure,Non_Tech
cama_mesa_banho,01b864cf36d60d972e2e29d8c5084d64,60,665,1,2400,42,11,36,bed_bath_table,Non_Tech
utilidades_domesticas,01bacce2c74317ed2524bcaabae2e9d4,40,196,2,1000,38,39,38,housewares,Non_Tech
esporte_lazer,01bc2a3c12d6e588aecb54ffad194c13,58,1236,1,4350,20,20,20,sports_leisure,Non_Tech
utilidades_domesticas,01bd9be7c04525d23a4a901b4abbf56c,28,331,1,8150,40,11,40,housewares,Non_Tech
informatica_acessorios,01c2e91674406ebaca6a1bbf7f61c3f0,55,260,1,600,23,16,16,computers_accessories,Non_Tech
bebes,01c3486b189d16ad1b35270d5881e5a4,59,869,3,9750,38,38,35,baby,Non_Tech
brinquedos,01c666c82f414c762ad21bffa56e8b49,55,242,2,50,25,11,15,toys,Non_Tech
beleza_saude,01c69d0fbb0d9d8f42ac171ac1238233,52,416,1,30000,55,75,61,health_beauty,Non_Tech
ferramentas_jardim,01c96f284d6c40f92f25142a59328511,47,2179,3,3750,27,19,22,garden_tools,Non_Tech
brinquedos,01c9a70868bec5b748c67fcc26ce5895,39,601,2,750,30,17,30,toys,Non_Tech
malas_acessorios,01caf54032309b518a584331b8a673f6,45,223,1,800,46,10,32,luggage_accessories,Non_Tech
construcao_ferramentas_iluminacao,01cb96c64e8e35f29826a58963f6ecc5,39,990,2,7100,43,23,43,construction_tools_lights,Non_Tech
informatica_acessorios,01cda14e6051f3dcf61bb80abf210b79,60,53,1,150,17,9,12,computers_accessories,Non_Tech
automotivo,01cdc6fbdb39fc792bb4c40164ce2331,44,1085,1,7050,102,4,41,auto,Non_Tech
eletronicos,01cf56cd6138b926a4802d16fc304149,43,3023,6,100,16,16,16,electronics,Tech
moveis_decoracao,01cf7c4cffff8db0a1cbe612bd2d50a4,53,371,1,800,40,5,11,furniture_decor,Non_Tech
brinquedos,01cf8c7364048b4b6ed0fe400667054d,42,241,1,1200,30,16,20,toys,Non_Tech
perfumaria,01cfc3d9c29504c2d370933e53f002b4,60,1078,1,400,23,8,15,perfumery,Non_Tech
cool_stuff,01d15932271068f9fd1f369b8449cac1,51,751,5,4900,78,2,62,cool_stuff,Non_Tech
construcao_ferramentas_iluminacao,01d40fca05c4227b987ee069be837b49,54,538,2,9700,20,16,101,construction_tools_lights,Non_Tech
cama_mesa_banho,01d4157fd9738ea81038316ae4cfc192,52,228,1,355,34,21,40,bed_bath_table,Non_Tech
telefonia,01da7f08d8327e0b4fab7edaa0c417a4,49,1019,3,350,16,3,11,telephony,Tech
casa_construcao,01e20e6604216c8adb31d463214ba00c,48,627,1,300,16,11,16,home_construction,Non_Tech
cama_mesa_banho,01e25be2c25019945382e057a8292e72,59,330,1,1575,41,6,31,bed_bath_table,Non_Tech
esporte_lazer,01e66dc5bf4d5a186d856506a4f0fea2,60,328,1,200,26,5,13,sports_leisure,Non_Tech
utilidades_domesticas,01ea398598302b06869909ac5bfa5bcf,56,649,1,5000,35,28,32,housewares,Non_Tech
automotivo,01ea47d0dff23faa8d07ba3f353d2af0,39,179,1,300,16,2,11,auto,Non_Tech
ferramentas_jardim,01ebdb7ca76a3c581c0d5229ed80be7c,34,288,1,600,16,31,18,garden_tools,Non_Tech
cama_mesa_banho,01ece5f98b5fe510881404f92229a49f,55,638,1,900,16,10,16,bed_bath_table,Non_Tech
eletronicos,01ecf875ab885ebcae3dd2b1ccc4715f,46,730,1,550,30,20,30,electronics,Tech
cama_mesa_banho,01ef0716b68c8493434ad32430c24e18,59,641,2,1250,16,10,16,bed_bath_table,Non_Tech
telefonia,01f1608fbd6fc5b04308ff6157326e6d,57,422,2,150,19,4,11,telephony,Tech
automotivo,01f2d77d8a63937c77c7128ce4bd2ada,60,753,2,650,60,6,33,auto,Non_Tech
esporte_lazer,01f3a99b81f49109d42540d84bcb8e07,28,406,1,248,32,21,23,sports_leisure,Non_Tech
fashion_calcados,01f76c07f91a533acd46cc6ab989be23,57,404,4,750,22,12,33,fashion_shoes,Non_Tech
esporte_lazer,01fc56750f0d3444c4a1746ecf19dee0,49,1818,1,800,16,16,16,sports_leisure,Non_Tech
consoles_games,01fd8a430d3bea327b7c71e651391001,52,459,1,100,26,3,14,consoles_games,Tech
perfumaria,01ff1ff8aa5dec93e9938b989393a4ca,51,315,1,350,18,13,18,perfumery,Non_Tech
papelaria,02032c15ca85744c99aa99583e824a90,46,129,1,100,16,5,16,stationery,Non_Tech
informatica_acessorios,02034d6c9c4814a08a3a0f5a6ad84332,52,278,1,200,18,8,16,computers_accessories,Non_Tech
informatica_acessorios,02044dc95cf33aaf55e03bde1b042539,52,123,2,150,31,8,11,computers_accessories,Non_Tech
automotivo,02064a5bc5d3656476e9dab151c69989,38,1113,3,450,16,5,11,auto,Non_Tech
relogios_presentes,02090f97a28b3d10d19a09f045f6df34,60,738,1,375,18,12,12,watches_gifts,Non_Tech
automotivo,020a80cb704bf65f38761fcedf2af192,35,1512,3,800,26,9,24,auto,Non_Tech
bebidas,0210b75f6f4de09dfc17a66803290f8a,33,2245,1,1800,35,20,20,drinks,Non_Tech
pet_shop,021426c19c264227de3c34e3f5e2f4ee,29,2918,1,1750,40,16,30,pet_shop,Non_Tech
cama_mesa_banho,0214e4741dab5812bb31a61af1dc3de5,53,284,1,2100,45,15,35,bed_bath_table,Non_Tech
pet_shop,021c41b063949bf529b79289c58e0a8b,59,803,1,550,20,40,20,pet_shop,Non_Tech
utilidades_domesticas,021d39ee869e87d5288f4e731df4a90e,44,663,4,10350,102,15,40,housewares,Non_Tech
ferramentas_jardim,021f04378f9692f8747f926f38bb8281,58,220,1,16150,62,12,50,garden_tools,Non_Tech
construcao_ferramentas_ferramentas,022649cdc8ef07dddfa3de3409647e00,56,286,1,825,21,16,16,costruction_tools_tools,Non_Tech
perfumaria,0226c9207aea0b16076a27ca65cb4929,47,1220,1,600,20,8,14,perfumery,Non_Tech
telefonia,02293621a345f7cddda16c5d9c7990e4,57,447,4,217,17,4,12,telephony,Tech
automotivo,022b0ef3922883f810bdff4d58e93115,58,641,5,1625,60,8,33,auto,Non_Tech
esporte_lazer,022ff42cced44a2b2cca57061cabb526,57,1705,1,3900,32,35,33,sports_leisure,Non_Tech
construcao_ferramentas_construcao,0233382eae30811d6dfffbbfb5de36d8,59,520,8,10750,54,18,35,construction_tools_construction,Non_Tech
brinquedos,02335f37af17baf50a91273e4bdc8ef4,27,791,1,450,29,16,11,toys,Non_Tech
cool_stuff,0233dd6f06e23c705ab76dc3ab165837,45,1057,3,100,20,16,16,cool_stuff,Non_Tech
moveis_decoracao,023473d9db1c319f2bcd010e043b2ba2,41,411,2,18050,51,8,51,furniture_decor,Non_Tech
cool_stuff,02357c69f595e004b50ba115b3f88d63,43,775,6,4000,43,35,18,cool_stuff,Non_Tech
cama_mesa_banho,023a60ac6b3484afe23d788ce2444df0,66,503,1,14300,45,15,35,bed_bath_table,Non_Tech
telefonia,023d0e2e8457861c3badfb5fa7bcd58a,40,361,4,150,18,3,12,telephony,Tech
esporte_lazer,024063adde9af865418b7da3dd897b98,53,710,1,450,20,9,14,sports_leisure,Non_Tech
eletrodomesticos_2,0241aa4ed831b73fd4940ffd9cec20dc,31,107,1,8400,46,44,28,home_appliances_2,Non_Tech
beleza_saude,024553ca83fc6e9ec93f5a9c823d1834,41,1572,1,2000,30,12,16,health_beauty,Non_Tech
relogios_presentes,02475368dfb38934fe55f574024fe1d7,55,569,5,250,16,2,11,watches_gifts,Non_Tech
relogios_presentes,025249b91a565601dc1b8f47ee7a230e,49,589,2,500,16,13,13,watches_gifts,Non_Tech
moveis_decoracao,0254806b6c237bd1f21cae60ea8d1533,45,1064,1,7183,56,56,18,furniture_decor,Non_Tech
papelaria,0254a096e569c4a89b6870e9d4a65c3c,55,971,4,600,25,12,28,stationery,Non_Tech
beleza_saude,0254d6e0da36c6f28720f89cde66819a,56,737,1,361,16,17,15,health_beauty,Non_Tech
fashion_bolsas_e_acessorios,0257013d9462b3b6e9892bdd10ebe14d,58,373,1,300,20,10,20,fashion_bags_accessories,Non_Tech
automotivo,0259a8068ce1198d4370abb0d3c2e576,39,328,1,500,21,9,12,auto,Non_Tech
utilidades_domesticas,0259ef48d9c5f59c3b31147c52db801d,55,410,1,3650,37,25,30,housewares,Non_Tech
automotivo,025dcf8f0a969c92d254bc425b380685,60,354,2,150,16,7,16,auto,Non_Tech
cama_mesa_banho,025dd9fac2544d8e7e3451ec87bc6511,56,124,2,1100,95,8,50,bed_bath_table,Non_Tech
utilidades_domesticas,02623b0e4e6b951aefb23575de1f3886,27,828,1,1600,25,10,20,housewares,Non_Tech
bebes,026311ea0b72ef8c80ebf91efd36b499,52,708,1,300,18,8,24,baby,Non_Tech
papelaria,0268130c8c3e3cac87b5ec4931348c73,60,543,1,1400,25,20,20,stationery,Non_Tech
utilidades_domesticas,0269bdfd3a4f3d384753cbadc1d742be,20,630,1,350,17,28,11,housewares,Non_Tech
esporte_lazer,026b77b15418f2a8114dfb0026739be4,56,3161,1,378,21,14,14,sports_leisure,Non_Tech
papelaria,026d610705e01d905582241e68aefefe,52,96,2,500,20,30,20,stationery,Non_Tech
eletronicos,026ddfe4a1a29002815e6da024d6128e,48,219,3,550,16,5,20,electronics,Tech
agro_industria_e_comercio,026f43af35e7951067097527d5c31bcc,58,1075,1,10317,52,33,43,agro_industry_and_commerce,Non_Tech
eletroportateis,02706657691ad03bacea6d0d0d69d13d,49,1353,2,4550,23,54,25,small_appliances,Non_Tech
beleza_saude,0271c9f7fe6a29e563ddb672cdcc2968,39,588,1,400,18,18,17,health_beauty,Non_Tech
industria_comercio_e_negocios,027293c3b6d9e221268d9d6a5ffe5d0b,57,148,1,30000,80,50,50,industry_commerce_and_business,Non_Tech
construcao_ferramentas_seguranca,027325f946f1b3d8f94c3496e9a59a10,54,335,3,300,20,20,20,construction_tools_safety,Non_Tech
telefonia,027bb42a4ef22da4c7a80ecf9c60ba0c,60,357,4,300,16,6,11,telephony,Tech
perfumaria,027cdd14a677a5834bc67a9789db5021,42,544,1,341,20,18,16,perfumery,Non_Tech
fashion_calcados,027e1564c58eb02f39089b2b1f28d5e0,57,404,4,1400,22,12,33,fashion_shoes,Non_Tech
fashion_bolsas_e_acessorios,0281221c8b9fdc713111952393cba4f3,48,142,1,150,20,10,20,fashion_bags_accessories,Non_Tech
informatica_acessorios,02834e5af210b8a2593eb81eecf40707,43,374,1,945,23,14,24,computers_accessories,Non_Tech
ferramentas_jardim,02851253400fd18410f8eb4369cff9e1,52,289,1,3900,45,6,38,garden_tools,Non_Tech
dvds_blu_ray,0285a1295a18a4d37c11fa446d4c1345,56,1139,1,200,20,2,14,dvds_blu_ray,Non_Tech
livros_tecnicos,0288532d075e4bf58e044c92e68c94cd,44,540,1,1000,16,2,11,books_technical,Non_Tech
brinquedos,0288f8dd74b931b4ec7a468fdd6ed040,40,226,6,500,20,20,20,toys,Non_Tech
moveis_decoracao,028b0b0277744a9eaa2c4f57c24dcb68,39,677,1,13150,35,45,35,furniture_decor,Non_Tech
telefonia,028b3574d7619f191a7345161ae590e4,60,2051,1,150,16,10,11,telephony,Tech
utilidades_domesticas,028da1c319c010397ad1ea42db816d23,21,316,1,1200,29,21,27,housewares,Non_Tech
automotivo,0290cc426311fb177fe19e513a7dc349,51,244,1,1000,20,20,20,auto,Non_Tech
outros,0292b46c30348496b1be04eeb440bdb5,NULL,NULL,NULL,400,38,22,15,others,Non_Tech
utilidades_domesticas,02934e6f6fe473ea19f3e42b9deb9b59,53,908,3,435,16,35,11,housewares,Non_Tech
pet_shop,0294e314a033317e28ecc40aee9025e8,58,922,2,400,35,15,25,pet_shop,Non_Tech
moveis_escritorio,02965440ee186dd4f7f6e8f962a75c60,52,1145,1,10013,58,56,23,office_furniture,Non_Tech
moveis_quarto,0296dd002a346e3bbdda4e0bc48a5073,43,1527,4,13450,76,14,56,furniture_bedroom,Non_Tech
brinquedos,029e44e66d4690b45077bee6d76799f6,51,392,2,500,21,10,15,toys,Non_Tech
esporte_lazer,02a0c276d5a252215b48269dea73a6e7,32,963,1,300,20,15,15,sports_leisure,Non_Tech
esporte_lazer,02a1edfc6f788c8329299c7244acf2e8,30,489,1,800,21,25,21,sports_leisure,Non_Tech
automotivo,02a3073438c0d024f60e34a05bd340c4,51,732,1,850,41,45,11,auto,Non_Tech
automotivo,02a56644dd5dbe6884a047f4d9ea52ea,56,651,5,4200,78,4,47,auto,Non_Tech
moveis_decoracao,02a60f0074f36110106a16d15267aad5,50,401,1,450,32,2,22,furniture_decor,Non_Tech
esporte_lazer,02a79d79e818ad0be36cfc843a6af7ad,60,1738,1,300,16,15,15,sports_leisure,Non_Tech
cool_stuff,02a93c4e95263ca545e9f46ca2b59833,52,134,6,1700,65,25,25,cool_stuff,Non_Tech
beleza_saude,02a97df83a8a100c7d2b14a02aea6a3d,46,378,1,400,21,16,18,health_beauty,Non_Tech
esporte_lazer,02a99f266fc960423c1186ecbd627804,39,720,4,300,22,14,18,sports_leisure,Non_Tech
esporte_lazer,02aa16706915b09bedf8409296478283,31,798,2,200,16,6,20,sports_leisure,Non_Tech
casa_construcao,02ad328219e45e7d138101bc3c8aa6c6,52,928,7,1000,16,20,16,home_construction,Non_Tech
moveis_decoracao,02ad78835ec3f72e750d1dfa6a7e11b3,38,1303,2,1250,52,7,11,furniture_decor,Non_Tech
bebes,02b750ee6f6f12a23c311b775ee4427a,60,858,3,700,50,5,40,baby,Non_Tech
informatica_acessorios,02b7929be620a2f05bb13d0c0e2cbd48,39,201,3,1649,23,12,21,computers_accessories,Non_Tech
eletronicos,02b824e9f1158bc1005e058c4ea78e8d,56,1672,2,733,29,7,16,electronics,Tech
informatica_acessorios,02c575cb5b29a173624c93f01786440b,46,279,5,200,21,7,14,computers_accessories,Non_Tech
informatica_acessorios,02c9b70f3d2ddf38f1120e09d4f9cd45,49,395,1,133,16,9,11,computers_accessories,Non_Tech
bebes,02ca198b1084a6d8ed9e152d84243bfb,58,544,3,2650,16,24,24,baby,Non_Tech
pet_shop,02ca56d6ca8d517a067869b6b6543ded,59,265,1,7300,20,40,60,pet_shop,Non_Tech
moveis_sala,02cd4165b1e6a3782def2e4e851ae884,53,1146,4,3100,30,11,30,furniture_living_room,Non_Tech
automotivo,02cd69fa0c8bfb37ca444168927c1e85,44,871,1,750,16,15,11,auto,Non_Tech
moveis_escritorio,02ce0c74e59d6cf6bc9026601414a9c4,56,300,1,15900,40,90,40,office_furniture,Non_Tech
moveis_escritorio,02ce467092b184e71d3967d29110adc1,40,1187,1,12275,40,54,38,office_furniture,Non_Tech
eletronicos,02d48451331287e2bf12560d032d57a6,55,981,1,150,18,5,24,electronics,Tech
beleza_saude,02d53241d2a3c4b1d65f21028e15fde8,46,862,1,400,19,12,13,health_beauty,Non_Tech
eletrodomesticos,02d5d374678728b3af7bd59ee012abb4,54,174,1,100,18,8,13,home_appliances,Non_Tech
construcao_ferramentas_seguranca,02d7f60ee640c8218aab6a668bbd2c56,56,1857,3,150,17,7,17,construction_tools_safety,Non_Tech
utilidades_domesticas,02db1469fdcd31a4fb670da6caec8bf6,52,373,2,700,16,10,12,housewares,Non_Tech
moveis_decoracao,02dc711c164ca9c218d316491801ced9,54,1959,2,3000,69,11,11,furniture_decor,Non_Tech
telefonia,02e27630510d16a95a473d9b35959d3e,40,361,2,100,19,3,11,telephony,Tech
cama_mesa_banho,02ed3b595447e948efc3eac897e4df0e,30,413,2,725,31,7,31,bed_bath_table,Non_Tech
perfumaria,02ee0862685e90b57cc241b7c9885f95,55,784,1,555,24,8,15,perfumery,Non_Tech
construcao_ferramentas_jardim,02f331648b37d96cbaf60e96f9c0cd92,60,1500,1,2350,22,22,22,costruction_tools_garden,Non_Tech
brinquedos,02f381f455650d4c7b90c96dc50a6206,31,225,2,175,16,15,16,toys,Non_Tech
bebes,02f3b0fb0ec2472bd4b9058a860ce6e3,36,474,1,12050,35,60,25,baby,Non_Tech
papelaria,02f5620577c231921c3b01678005d2ba,60,574,5,500,21,7,15,stationery,Non_Tech
moveis_decoracao,02f875bbe513c98bf25188a84b42dd39,29,206,4,500,19,12,12,furniture_decor,Non_Tech
relogios_presentes,02f8dd9b448d3ec2c73e65a22da1121c,43,597,1,250,18,9,17,watches_gifts,Non_Tech
malas_acessorios,02fb2d61da1247bf732360ea76b16240,49,824,1,850,19,51,34,luggage_accessories,Non_Tech
cama_mesa_banho,02fbee632a2044d48ab16d57eec4db58,53,230,1,1017,39,15,34,bed_bath_table,Non_Tech
cama_mesa_banho,02fcaaaba3a4b4882987a3639d968572,55,139,3,950,36,6,27,bed_bath_table,Non_Tech
utilidades_domesticas,0302c3fcf5e2d9526e243db50d30d5e3,26,190,2,200,30,11,25,housewares,Non_Tech
fashion_bolsas_e_acessorios,030729544fc3eb6a40981f877e836450,32,272,4,150,16,6,11,fashion_bags_accessories,Non_Tech
utilidades_domesticas,03078714f1e3f3758555f67ff35b4b01,54,153,1,600,16,16,16,housewares,Non_Tech
cama_mesa_banho,030f129f7f4681d3996e2531840057af,55,844,1,800,25,5,25,bed_bath_table,Non_Tech
automotivo,0312536dd9e1c1b732d2b8ff5c3181d6,56,838,2,600,35,5,35,auto,Non_Tech
utilidades_domesticas,03137dc3af3dc8138e070c4536407618,60,1172,5,625,30,12,25,housewares,Non_Tech
eletronicos,0314706dab9f01188f5cab6878b8f9b4,60,930,3,250,17,5,12,electronics,Tech
eletronicos,0320a1be5c5224f64bfbffa583cf03d6,48,1337,2,167,16,3,11,electronics,Tech
utilidades_domesticas,03233a6dca60544336766af227f78f09,52,570,1,1700,16,40,38,housewares,Non_Tech
casa_construcao,032c32a02f67b0fad495803ca810689e,54,923,2,800,16,27,16,home_construction,Non_Tech
moveis_decoracao,032e8352e7d34cc2558d4ae22132866c,55,1617,3,4450,105,5,69,furniture_decor,Non_Tech
moveis_decoracao,0333795efd58e3c33c5850b92721c3e4,28,725,1,6317,36,40,36,furniture_decor,Non_Tech
moveis_escritorio,0335b2f76fdeed85180abe8c6c444aa4,57,1203,1,7300,53,51,18,office_furniture,Non_Tech
automotivo,033c52084417b98d716d863d8bd11fba,56,1144,1,600,30,20,20,auto,Non_Tech
esporte_lazer,033ccb3016d3b24bc724629b8df41f94,34,317,3,400,16,9,15,sports_leisure,Non_Tech
malas_acessorios,033e5e4f49acb5621c782ac8a37aa90b,43,533,2,175,16,10,16,luggage_accessories,Non_Tech
outros,033fe931444d66d788d53aca5b7b22d5,NULL,NULL,NULL,200,16,19,11,others,Non_Tech
cama_mesa_banho,0343ce4ce35af74dd177bfc133eabb45,46,623,1,600,30,7,26,bed_bath_table,Non_Tech
malas_acessorios,0347f9daa0a33f82b4c9c0821450cc8a,58,1038,5,9075,29,39,45,luggage_accessories,Non_Tech
moveis_decoracao,034abfb9b758233fd393bd361d4ec599,63,259,1,900,40,3,40,furniture_decor,Non_Tech
esporte_lazer,034ecce08e1adf75b5fecf2faac7ed11,55,1392,1,550,16,16,16,sports_leisure,Non_Tech
dvds_blu_ray,0350ac874c8937571b129554110ec3b6,52,364,1,90,20,2,14,dvds_blu_ray,Non_Tech
telefonia,03511a5e5d4c3d8ef00f1578e1419800,52,2118,2,400,20,11,13,telephony,Tech
moveis_escritorio,0352f26fa462bd615275f3e91857926d,46,1172,1,250,78,45,21,office_furniture,Non_Tech
ferramentas_jardim,0354c6a8cb8961e29b70e564b93861fe,59,2407,1,400,38,10,25,garden_tools,Non_Tech
beleza_saude,03552ec45033c8658713c541f6af9f05,52,1168,1,250,35,3,12,health_beauty,Non_Tech
perfumaria,0356344ba89a9deb1e8a6bef7a7c78b5,32,447,4,350,20,20,20,perfumery,Non_Tech
beleza_saude,03566b85189259c49476f004ad2afd08,41,216,1,150,20,15,15,health_beauty,Non_Tech
moveis_decoracao,035a4019c8009b57768aa3c1e1ad63a3,56,1472,3,1900,53,8,11,furniture_decor,Non_Tech
perfumaria,035df2b15f358d231e00af9e62488cf4,51,607,1,783,17,15,14,perfumery,Non_Tech
utilidades_domesticas,03613e666b3919a3e807eac45a8f2731,56,184,1,5400,36,15,29,housewares,Non_Tech
beleza_saude,03624ffc0958f7ea385b6d4e088532b0,38,665,1,153,23,24,22,health_beauty,Non_Tech
moveis_escritorio,0364c36f8e845e4d309c0a3accc04b1c,47,1158,1,16800,63,58,24,office_furniture,Non_Tech
pet_shop,0366dd798c6de7ec8d16c23de6a82cfd,53,830,15,3500,39,20,46,pet_shop,Non_Tech
telefonia,036734b5a58d5d4f46b0616ddc047ced,58,751,5,300,17,4,12,telephony,Tech
bebes,0367635ea4efa4eb15a29f1e05887851,59,415,1,1150,35,17,44,baby,Non_Tech
beleza_saude,0368744ea61d6163219e3bcbbbac3680,46,799,1,2000,30,12,16,health_beauty,Non_Tech
perfumaria,0369a47f7ad96df46ad8ed76767de8bd,56,205,1,900,25,35,30,perfumery,Non_Tech
outros,036a6272d538ae862d248339c4c9adeb,NULL,NULL,NULL,1800,20,12,25,others,Non_Tech
moveis_quarto,036bcd084feae22f3a997f5080ec30df,61,1961,1,200,16,2,11,furniture_bedroom,Non_Tech
telefonia,036c967e979f490c3890acef838d9f44,57,598,1,150,19,4,11,telephony,Tech
livros_interesse_geral,036ecb2f1816e95d3fa658207266ecf5,23,154,1,150,26,2,26,books_general_interest,Non_Tech
outros,03706dca83513062fe74967a71b5fc78,NULL,NULL,NULL,400,25,8,11,others,Non_Tech
moveis_escritorio,037a23831f142c505b119215d92eaf7e,62,1139,1,8900,53,50,16,office_furniture,Non_Tech
beleza_saude,037aab5faf8d9120659b7c8ea3cf4c12,29,2706,1,15500,55,40,40,health_beauty,Non_Tech
brinquedos,037c68f178aefdd7a880a951dedc04d1,36,113,1,9567,41,51,47,toys,Non_Tech
esporte_lazer,037f82112a937df3f1486fa81eb1f127,46,1018,6,4700,85,30,20,sports_leisure,Non_Tech
utilidades_domesticas,03826ede2cac52b3011b58cfd58c84f9,58,398,3,6900,70,15,33,housewares,Non_Tech
ferramentas_jardim,0383c4d17410e421f6a8b905fb9adcbc,53,1254,2,2700,43,15,15,garden_tools,Non_Tech
utilidades_domesticas,038467f26869173dd87434ae02199a40,28,913,3,500,18,21,20,housewares,Non_Tech
fashion_bolsas_e_acessorios,0388b93e2992639ef7de7b35b2ba91b2,50,427,3,2100,16,5,11,fashion_bags_accessories,Non_Tech
utilidades_domesticas,03894c9a40bf32b84a349ef0ddfccc1d,59,675,1,20300,44,93,30,housewares,Non_Tech
automotivo,038967227fb1bc9b30d6e1c81fa2d2be,45,1161,1,200,16,4,11,auto,Non_Tech
eletrodomesticos,038c0dd7c1e48a1588f8919a0c305727,45,78,1,100,20,13,15,home_appliances,Non_Tech
esporte_lazer,038e3a669bb495e56d9d609d874fb668,49,862,1,30000,105,70,20,sports_leisure,Non_Tech
automotivo,03940e741e919e2c258e177d875f8423,59,679,5,5400,78,4,47,auto,Non_Tech
relogios_presentes,03973c594aba6474ba73ab090dcdc4e2,57,557,1,300,19,13,13,watches_gifts,Non_Tech
automotivo,03973c875a4653e663aede2c46a957f6,59,523,1,2550,35,20,20,auto,Non_Tech
cool_stuff,039e946aff78252a2e83b8fa1adf837d,56,404,4,2100,44,16,42,cool_stuff,Non_Tech
moveis_decoracao,03a20f79e4c056b48ce29b3e30beb0fb,63,1700,1,700,60,11,20,furniture_decor,Non_Tech
utilidades_domesticas,03a22dc9d5b99f07ca366f91aa7f7e4b,26,169,1,700,30,30,30,housewares,Non_Tech
utilidades_domesticas,03a8d0921d804ba08d3da40064a4e281,57,1299,1,600,16,25,13,housewares,Non_Tech
cama_mesa_banho,03aad9707028422f38b0563410912177,49,591,1,1500,38,11,30,bed_bath_table,Non_Tech
ferramentas_jardim,03ac940e93916395ea0483161cc84d5c,47,1489,1,6800,77,14,34,garden_tools,Non_Tech
esporte_lazer,03b10f5e3ef07cfc27a025adca3fd0be,44,3364,1,50,16,16,11,sports_leisure,Non_Tech
perfumaria,03b29ca1beec2e03e15a3b980c1505ed,43,656,3,100,18,7,11,perfumery,Non_Tech
cool_stuff,03b58043df5d7424df7eac2be2511c51,56,645,2,1650,30,4,30,cool_stuff,Non_Tech
bebes,03b63c5fc16691530586ae020c345514,49,728,4,7150,50,19,45,baby,Non_Tech
esporte_lazer,03ba2b6c24374d16022585b6b1b385e1,24,1636,1,7450,19,22,20,sports_leisure,Non_Tech
cama_mesa_banho,03bb06cda40712fb8473f7962fb7d198,54,289,1,2000,34,9,33,bed_bath_table,Non_Tech
informatica_acessorios,03bb24d19ea7449ce170e0888d830707,53,148,1,910,32,14,15,computers_accessories,Non_Tech
climatizacao,03bca689857bd64cc5c022221113db7e,57,364,1,2000,22,38,37,air_conditioning,Non_Tech
beleza_saude,03c0275df9996ed2720b28488c7946d4,57,1649,1,300,22,5,15,health_beauty,Non_Tech
ferramentas_jardim,03c14a3d479e334e87ee5baf2563811d,56,1193,1,1500,20,22,22,garden_tools,Non_Tech
moveis_decoracao,03c1fa561b6e1d70f9fa22ab1f08c762,59,376,1,8000,55,17,45,furniture_decor,Non_Tech
telefonia,03c395f45f46b57acf3db9a696fba6d6,42,379,1,75,18,4,11,telephony,Tech
moveis_decoracao,03c526c6224e8b74620b3b1ff4d0f3ad,57,87,1,3400,40,9,34,furniture_decor,Non_Tech
utilidades_domesticas,03c94210a8223f2f0c811f6783fe3d22,42,422,1,3450,32,25,26,housewares,Non_Tech
eletroportateis,03ccf3bdaa33497fa04d1e2f746a4555,58,1110,2,800,30,21,30,small_appliances,Non_Tech
esporte_lazer,03d03978afe1dc3c70e611629e8d8fe8,35,614,1,1800,15,15,15,sports_leisure,Non_Tech
cama_mesa_banho,03d10117bf5dbd1e4f194566be73de5a,53,255,1,2350,45,15,35,bed_bath_table,Non_Tech
automotivo,03d19e503abb1698d26d630c0017b11e,36,359,1,14100,62,62,21,auto,Non_Tech
moveis_decoracao,03d4233b9e3382adaed9e5c58626f1dc,59,566,1,200,35,10,20,furniture_decor,Non_Tech
telefonia,03d463c3dea9d1650ce0683b7c964b03,58,477,5,350,17,4,12,telephony,Tech
automotivo,03d4805d42e229c0fb34e5eb7fee281f,60,1149,5,1525,68,9,35,auto,Non_Tech
beleza_saude,03d5bcd7db52bee20887c5034650185d,50,1238,1,575,25,20,23,health_beauty,Non_Tech
perfumaria,03d7ad0ce97624c931b3abde02b5d819,48,259,1,249,19,13,15,perfumery,Non_Tech
informatica_acessorios,03d817e5e392e78674ed0bd8195f9159,56,590,1,1350,23,9,23,computers_accessories,Non_Tech
esporte_lazer,03da3203e7fba42baf48e3d87cd4b75b,57,2016,7,300,20,10,15,sports_leisure,Non_Tech
beleza_saude,03dc797f6faaa324fb633c518ff3f326,41,2063,1,3000,30,10,20,health_beauty,Non_Tech
telefonia,03df27817e9494be978b56cc083a0beb,58,607,3,200,19,4,11,telephony,Tech
utilidades_domesticas,03e1c946c0ddfc58724ff262aef08dff,46,465,1,550,16,22,12,housewares,Non_Tech
brinquedos,03e4e6709b7d6415746769c0bc3e9131,42,762,2,3890,36,28,36,toys,Non_Tech
esporte_lazer,03e606af3a694d55bf9abce7f5b07c42,55,664,1,700,20,12,20,sports_leisure,Non_Tech
fashion_calcados,03e7d29d9988a30815f1f20b6549881f,54,404,4,700,22,12,33,fashion_shoes,Non_Tech
cama_mesa_banho,03e931f387c2dd5b006aecdb12515b2e,55,560,1,650,16,10,16,bed_bath_table,Non_Tech
ferramentas_jardim,03e9fcb7adffd8c9e14285c979ea59c9,45,287,1,700,21,14,17,garden_tools,Non_Tech
automotivo,03ed331c2c9bb4cd5c3d986928bc8d9c,56,343,6,600,28,4,16,auto,Non_Tech
cama_mesa_banho,03f02ee5e8fd233d41dcfe8ad911cf7e,56,617,1,6400,30,30,30,bed_bath_table,Non_Tech
instrumentos_musicais,03fbf722447bf7fb4a99aff40b8ede7a,59,761,2,7550,37,23,38,musical_instruments,Non_Tech
utilidades_domesticas,03feb64db1d0ea0aaad178536a2d0640,57,415,1,3100,30,40,30,housewares,Non_Tech
brinquedos,03fed41c5e9067007d852ff83d602753,46,1107,1,19650,75,76,22,toys,Non_Tech
casa_construcao,03ff4bf1cbb9b00aca270dac77757582,57,159,5,250,16,4,14,home_construction,Non_Tech
telefonia_fixa,040088789b98987ea1df150fd7fabfd7,42,224,4,140,16,10,14,fixed_telephony,Non_Tech
cama_mesa_banho,04008f5a086abe248a3c76bc2fa4f4e1,41,2201,1,1250,48,14,68,bed_bath_table,Non_Tech
automotivo,04014f5d30de9dbe77b421f63985b5ef,52,228,2,5550,55,35,30,auto,Non_Tech
construcao_ferramentas_jardim,040b8534cb74ddaae70c21541f449630,42,574,1,13100,68,25,44,costruction_tools_garden,Non_Tech
relogios_presentes,040f34fe061b6024771f641fe922e782,18,796,2,750,18,10,15,watches_gifts,Non_Tech
perfumaria,040fe1cdb263eb2c9b1322875b0afcb7,36,561,1,2303,26,15,23,perfumery,Non_Tech
cool_stuff,041022915a950ec95b761b690ddb6b24,63,351,3,1450,62,15,32,cool_stuff,Non_Tech
relogios_presentes,04120fb9b3f90600e5ae1f2a2cde53e3,50,704,1,500,23,13,16,watches_gifts,Non_Tech
instrumentos_musicais,0412ec72192f1d85e92047c0773434ec,58,1202,2,15400,45,20,100,musical_instruments,Non_Tech
pet_shop,0414ce6ba3643b59fd1e5c8e146c1d8d,48,466,2,2700,43,39,20,pet_shop,Non_Tech
utilidades_domesticas,04162d7f092b675a184e76e91fd521d4,59,203,1,400,16,10,14,housewares,Non_Tech
informatica_acessorios,041644fcb6426ab2a7c992fac010771a,58,283,4,300,35,5,25,computers_accessories,Non_Tech
automotivo,0417855683de23ba1e20e8a358a5ac7c,59,633,5,1475,68,9,35,auto,Non_Tech
consoles_games,0418d6ca9336c4a7ef9667aac0be1976,53,555,2,260,18,12,18,consoles_games,Tech
moveis_escritorio,0419e76e19f81672eb13b6a8bd19a5cb,30,2071,1,14600,58,20,58,office_furniture,Non_Tech
cama_mesa_banho,041b5d4393ea83147e2a07e55cd5359c,40,537,2,3080,23,37,19,bed_bath_table,Non_Tech
pet_shop,041bf61cdb6e9b519aa70a4eed0bd4ce,54,272,2,700,71,2,18,pet_shop,Non_Tech
cama_mesa_banho,042426e17752f5d722a5b80940edc915,51,215,1,2400,40,6,30,bed_bath_table,Non_Tech
cama_mesa_banho,0424d4d1508370eb771126734ec9740e,55,247,1,2100,36,21,36,bed_bath_table,Non_Tech
utilidades_domesticas,042535091ac9e946489c2155a0392c47,23,162,1,300,20,4,19,housewares,Non_Tech
